Group,Mean_AUC,N_Samples
< 40 anos,0.7976151461309934,2214
40-65 anos,0.7745775458467644,6535
> 65 anos,0.7522518407695313,6251
