Group,Mean_AUC,N_Samples
Male,0.7682948553758474,8949
Female,0.775943724741795,6051
