Group,Mean_AUC_14,Mean_AUC_5,N_Samples
Male,0.7657007141617347,0.7801293282006634,11969
Female,0.7672620263574872,0.7836278911061678,8031
