Seed,Method,Size_MB_fp32,Size_MB_int8,Size_reduction_x,AUC_14_fp32,AUC_14_int8,AUC_5_fp32,AUC_5_int8,Time_ms_fp32_cpu,Time_ms_int8_cpu
777,estatica_fx,30.56548,8.533254,3.5819254882135234,0.7603210579705133,0.6775695568482661,0.7759069354087457,0.7145685831267982,1413.4504636128745,770.2394485473633
