Mean_AUC,Std_AUC,Min_AUC,Max_AUC,Median_AUC,Num_Models,Num_Diseases
0.7716122336533123,0.07728454658466874,0.587974193527677,0.8738037622403638,0.7723055603989268,5,14
